{
  "products": [
    {
      "id": 1,
      "name": "Гүзээлзгэнэтэй бялуу",
      "price": "3,000₮",
      "category": "cake",
      "image": "./product_image/cake2.jpg"
    },
    {
      "id": 2,
      "name": "Зайрмаг",
      "price": "23,000₮",
      "category": "addon",
      "image": "./product_image/nemelt2.jpg"
    },
    {
      "id": 3,
      "name": "Smoothie",
      "price": "33,000₮",
      "category": "drink",
      "image": "./product_image/drink1.jpg"
    }
  ]
}
